{"cameraMode":{"drawMode":0,"name":"Shaded","section":"Shading Mode"},"sceneLighting":true,"audioPlay":false,"sceneViewState":{"showFog":true,"showMaterialUpdate":false,"showSkybox":true,"showFlares":true,"showImageEffects":true,"showParticleSystems":true},"in2DMode":false,"pivot":{"x":0.34958702325820925,"y":1.8551106452941895,"z":0.031007254496216775},"rotation":{"x":0.0006138356984592974,"y":0.9982390403747559,"z":-0.010481932200491429,"w":0.05846274644136429},"size":1.8415796756744385,"orthographic":false}